"y0_retail","y1_retail","b_retail","c_retail","y0_grocery","y1_grocery","b_grocery","c_grocery","y0_parks","y1_parks","b_parks","c_parks","y0_transit","y1_transit","b_transit","c_transit","y0_work","y1_work","b_work","c_work","y0_residential","y1_residential","b_residential","c_residential","country"
7.34262155681536,-32.2260545945744,0.691821399463842,77.296476823387,8.02858854480596,-6.0750499337419,10,81.1296275659914,21.159141027898,3.29040041031151,10,89.9490384378367,8.94074323598028,-28.4723708369365,0.357463588512317,80.0306665856354,1.41657214891923,-37.2812215168833,0.411062587112157,78.328039562529,-0.244461001264239,14.0718831274248,0.550049985734488,77.6634567030161,"Alabama_US"
NA,NA,NA,NA,NA,NA,NA,NA,NA,NA,NA,NA,NA,NA,NA,NA,NA,NA,NA,NA,NA,NA,NA,NA,"Algeria"
-0.219991680454607,-83.2623476298789,0.537359430041383,77.169842900982,1.58897379655498,-42.7569333082282,10,79.7301239625801,-2.83553837227218,-85.6469750769897,0.373136522447868,75.7273143671587,3.78655560768826,-69.9564294174901,0.695722153137706,77.2276093988115,4.25820216881654,-56.9890963380094,1.14873149690177,78.4022071752205,0.27444903758785,26.6158020818471,0.725428291273968,77.6092048866206,"Argentina"
6.16515971726938,-36.9250412537547,0.58365893106905,77.5792918713078,6.43364030349687,-14.324184441205,1.42552154443649,81.4689896370412,14.2016252510251,-20.9946266317352,0.168041089312764,77.7706142189353,5.42162186480646,-39.542085589457,0.325773359200697,77.952730478483,0.324037291933521,-43.323071997731,0.279929816318275,77.4043719252639,-0.258122011683113,15.2643545128374,0.376830496871843,76.9441225206462,"Arizona_US"
3.89245010704543,-73.9289580684721,1.05840814733217,73.7261767403385,9.21419278788448,-28.9787819163284,10,74.0304649224473,17.259755225957,-25.1458860211898,10,72.8020902776499,1.95738048065972,-63.2994580988725,0.868815522367902,73.7385547386275,-0.360472157685284,-53.0422023957638,1.85175368839475,75.2484343322095,-0.0286507097112911,20.0058313048805,1.2167226124893,74.5221215038888,"Austria"
3.20367811122512,-73.0003022544453,0.447547103092077,82.6243464291488,4.34620625800803,-51.5749430528291,0.839800178495334,84.5137845774306,6.80565131562402,-33.8984914952888,0.274838272437269,81.9405549782041,4.30046940546072,-70.1518835491992,0.441332489611285,83.343574261287,6.26143984393058,-56.0761770777056,0.858509773895157,83.9004005347657,0.859552564992334,24.4275847573746,0.414931833620427,83.4113720743973,"Bangladesh"
0.525330332557866,-74.2701395972943,0.560155430284046,74.2254110439805,3.99992709680245,-27.4884474646921,10,77.9968230023326,3.24264490779153,-21.2860584001294,10,78.7733371700029,-0.358914501515694,-66.7467752324355,0.618577206237699,74.8540852021022,-3.31004324151181,-58.8011749776933,0.826193572691742,75.2865487111561,1.12475944363981,24.5288385723472,0.678309114882499,75.5029635417668,"Belgium"
-2.74420991259651,-60.4835975514443,0.960853394522635,78.3848900884693,3.05598098047429,-18.9128215913127,4.0472623283094,80.4715674750205,-3.89318733658566,-53.9826755540635,0.615133549490583,76.9174370694449,2.80038795862139,-55.3170910929954,0.806718182523643,78.3833761432208,5.9783294285694,-38.8037369399059,1.03157633183852,79.2653914452192,0.630254093826859,18.0108125424719,0.941053228069436,78.745292665014,"Brazil"
3.81766962267605,-48.6088170662585,0.696191781568318,77.5309485205284,8.54918382446393,-19.4989006486227,1.99467074921896,80.6154944987519,40.1086468184171,29.2286348652393,10,81.4617295942885,1.21938144895198,-60.1867521026532,0.403023110058956,76.5260960493927,-0.760923824469137,-52.4517103091674,0.652343688744936,76.8852834633758,0.225381838897711,18.9495050484552,0.515913187026795,76.7517909029073,"British Columbia_Canada"
3.64917138026753,-49.3624792518129,0.405964211762906,76.8996645642359,5.89260191169547,-18.5218912575178,2.01639438783217,80.2603048626466,17.9060399276957,-35.4562490763271,0.212825858435061,72.1070675809236,0.485218675230312,-53.6426878816104,0.320396816692308,74.7424014733656,-0.104554394635204,-47.8769796855845,0.576855308553487,76.368233923212,0.112732491203655,20.533898546381,0.486939574806331,75.692999752891,"California_US"
3.44589253893386,-53.1691500124716,0.53312571499921,77.0438320568665,6.31573236869361,-23.7526413770977,1.04324928085193,80.792921230027,14.4026784335173,-9.90702736012086,0.994470158458002,80.7506252806219,-0.0623823150947002,-66.1026533210988,0.422767789698957,76.0843892785011,-0.185012440788009,-55.4206772430354,0.504267107968249,77.2362250957263,0.608166124943386,21.4946655748577,0.436572409942808,76.8405571400418,"Canada"
1.21447503831347,-64.3738735677995,0.718695945450433,77.1735279855171,6.23362067172116,-39.6963575554069,1.22022854230588,79.3977549902838,3.39715794307391,-64.5578048351892,0.197606726478013,73.3274977450201,2.05026047144797,-59.7288716585729,0.646385117971177,77.604598732862,3.97563893007178,-46.2406487441057,0.678828863978399,78.7619033195834,0.774516141846795,23.9843365711454,0.774692933168192,77.3317665305155,"Chile"
-2.50554614225142,-79.4377554917501,0.874103908166975,78.6885623730597,2.91183507126663,-57.3415356063736,10,79.9881432610371,-6.4845860200702,-71.2852929680063,1.13382387653062,79.1675686417967,5.88493553841573,-77.7271245443884,0.68159861941631,78.3213592406366,11.7695927321619,-67.1840363810128,0.744789097465923,78.5318795362872,-0.749199381239479,31.9222076335664,0.706541113779535,78.7121531249437,"Colombia"
4.00976978551618,-43.0826484768622,0.622893522441709,76.3177268182872,8.12498864616782,-19.8141070437384,0.593072779576056,81.6454839335658,-11.2725307703753,5.92198016362016,10,56.8784626403539,1.50629627322392,-54.9714250378234,0.423260680256104,76.1816203415797,1.70998586437654,-48.316448550593,0.633937056892841,76.244747506272,-0.0157674986939923,18.6826188656617,0.71903407601497,76.0844030574005,"Colorado_US"
5.67633595598528,-44.1204892632759,0.519082274588643,76.6497202656893,5.64467043217861,-19.3231292914207,3.45560507892294,81.4877485468294,26.0929703853402,12.8745973452006,10,82.3113190061498,5.00969950951624,-54.4487579239638,0.33165788556095,76.2290004651277,0.845883887974761,-47.7849965009111,0.38876642667367,77.1395503741789,-0.199042601938277,20.1240925978398,0.423944372884497,76.5695644196828,"Connecticut_US"
3.81667739023845,-61.955691671957,1.96020662444344,73.1653738823822,7.00060253035735,-11.4605613463822,10,75.5625488792429,100,0.799587880588151,0.136093025452546,38.5871136751913,2.0689157521535,-49.1069682608846,0.706962085838815,72.8139252914663,0.121455373997384,-38.5305333979894,0.618060847227412,74.3295783689401,-0.12247080002795,15.4227049807114,0.700078004287704,73.7483502854121,"Czechia"
4.25244643119755,-29.9836098547523,3.67559909196032,72.0664809271538,-1.51864144797825,-11.2292163132145,10,72.9743147678665,-0.890038490280558,100,0.145978184689387,79.9182568672026,0.440803090277719,-52.2616569999603,1.23599815614475,71.6645221855881,0.303708058899229,-44.0619833260207,0.798654629049621,72.4286885918955,0.396280516710641,14.3675635139604,3.63979688109833,71.5537864899785,"Denmark"
-3.51153188308987,-72.7268496608721,1.31535750297017,78.4008163015125,1.1631069311561,-52.6496764836339,1.827401551834,79.4579804191077,-0.699473139815613,-63.4385578283204,1.06329933579504,78.1324554760314,-1.97881913943025,-81.6587116459884,0.708513658756821,78.4074500950319,-1.97639801563274,-66.3258292402351,0.919749695592938,78.4725217784164,1.12196143731408,29.2804502179396,0.990422605713567,78.5029861361592,"Dominican_Republic"
-1.47101429175807,-81.3561357279614,0.97296715960623,76.0071366216734,0.870960834358147,-64.022828798438,10,76.9974157576063,0.847590994981397,-76.6180165031582,0.857750903658865,75.7969189995158,-3.32117344025919,-80.232067491579,1.92985040556695,76.4140578484897,-10.9587935561281,-75.456883900163,2.57388554013967,76.3474697829616,2.45118346183522,35.2585059005159,1.83275086772686,76.5188985958884,"Ecuador"
1.0163927938126,-58.8005570357376,0.253201289325636,77.3433391562413,1.70268006217124,-16.9401743736142,1.41229875414373,78.8346683654137,5.57684964195512,-44.2910631654827,0.271262318226525,75.420377076929,5.92335380506398,-53.9776663674768,0.266168081572604,75.6201843939293,10.0656361141195,-36.3246512198207,0.238122089402845,75.7764549114221,-0.260193587775283,15.2527722159265,0.294414789793849,76.9710521266715,"Egypt"
4.69733350286839,-45.2392587443305,0.452685510836551,78.2451984557833,5.65944186691716,-22.043038755015,0.647016555897005,82.7627567189368,9.5848732465514,-49.2172902621868,0.408151149141642,80.9156015255185,3.58538876977243,-58.2470838580924,0.322958520269956,78.1814290097265,0.641578438241639,-45.0932916534773,0.350068948504305,78.2996746233896,-0.243085510798816,17.9644511628076,0.367474215518006,78.1402187467103,"Florida_US"
-1.94838479385349,-83.4453011569304,0.898643473124846,75.4746664447533,3.96765001649139,-42.9319010210863,10,77.0387459727311,10.9482983702605,-65.5039395253071,1.35650680661194,76.6083060689253,-1.07113243527247,-80.2407157077284,0.99298869861713,75.9068091165716,-6.37116071674512,-65.55760617717,2.17538651552821,76.0705343481611,1.99843795659097,28.7549173233875,2.11636792035292,76.1976237439586,"France"
4.90041781555304,-35.8511388724932,0.516547928651157,77.3193131913262,5.57124198455976,-10.8471730070737,5.12701434154143,81.440352164206,18.9436498827805,-5.12464827144672,10,81.5043413605536,3.20419534560393,-49.7895802303413,0.300148364512931,78.164190441844,0.30639215522821,-44.3842211705254,0.334362982958479,78.0616112142172,-0.196166910317651,16.9790694319381,0.420340038479851,77.3137813155397,"Georgia_US"
0.0321361329931557,-54.8937629530283,0.891119525947486,77.286931615804,5.08831230309529,-14.1707170134348,10,80.0539645655915,9.83669528241967,43.6153604704083,10,95.0705340952105,-0.873453703921123,-50.7820209711967,0.571303136043581,75.4835011162732,-2.62947465997945,-39.1607256590701,0.875884465643989,76.7667953496591,1.28301677444462,14.4561293341179,0.911041051567616,76.5227235880856,"Germany"
NA,NA,NA,NA,NA,NA,NA,NA,NA,NA,NA,NA,NA,NA,NA,NA,NA,NA,NA,NA,NA,NA,NA,NA,"Hubei_China"
6.06128422920771,-51.6842805271483,0.576029359572341,75.6322763671227,6.58045447797275,-23.634801293359,1.95772099593543,79.1994399600252,18.0809661418078,-11.6737794958333,1.23958049730849,77.8083919027865,5.59054914409356,-51.1291883465786,0.607528812986621,75.5216183648581,2.6646334913656,-43.2488694918212,0.649898055522557,75.8160071475702,-0.435170966139441,17.0142946903403,0.893388855818592,75.9356827791895,"Hungary"
6.35982707656767,-44.4830082847562,0.726502985995188,76.5507590067566,10.8286665213591,-13.5749411997151,10,81.0748689998441,27.9883704304804,-8.01633839811016,0.791655817359475,73.6419223499884,3.12120076579777,-51.3733899148544,0.522628067317486,76.0971216493042,1.52630741733806,-47.2563559034002,0.540190588555028,76.9350005479848,-0.580239209276007,19.009497746055,0.685323618430478,76.3693181896141,"Illinois_US"
-2.05365954893829,-80.9215178820532,0.638193359413731,81.0028704891677,0.688779394872624,-53.9750991900353,10,81.2336687152078,1.63658839097618,-55.9337834412224,0.669279106871284,80.9690698659879,-0.996389214714879,-68.7725643702183,0.98397154765593,80.8917122040279,-0.54691505455751,-62.5626692361859,1.10133906059771,81.277406520959,1.17790626187512,28.5904124700959,0.864734236787712,81.5737299612198,"India"
8.47006575365756,-36.6258026830143,0.651898756041947,76.269138132296,7.57147755219586,-11.7000426038514,10,81.1167283098561,25.0102767149314,44.7216243854224,10,92.3431456269466,7.55875691474877,-26.6632417411632,0.42868215007443,78.3562432762621,1.47097364281411,-43.5361094794564,0.378064881220538,78.2755667335234,-0.580296492298758,16.4649737165212,0.452543050602566,77.2001710002765,"Indiana_US"
0.206968997220106,-38.8850888487925,0.436252611149601,79.9639487660443,2.25044848229442,-21.0734307918845,0.457187775171654,81.7109890084655,-3.57678814275614,-36.8134187627235,0.500182671148117,79.5834736893732,1.34169522675508,-56.562514188622,0.316946577521869,79.7418608856831,4.05171664487809,-32.9290702603966,0.417668969063094,79.236688128906,0.668363148820084,16.6987446771118,0.3689571810885,79.4420770460544,"Indonesia"
NA,NA,NA,NA,NA,NA,NA,NA,NA,NA,NA,NA,NA,NA,NA,NA,NA,NA,NA,NA,NA,NA,NA,NA,"Iran"
2.91563258594978,-78.4399750046055,0.237457427388375,77.3634558040214,2.9908212211423,-22.1513709160705,0.427533972542627,80.9186786617051,6.41512437705361,-22.6762187763781,10,87.1256086673733,-0.0360573003549139,-69.3590825324832,0.378174505522894,74.7440621947858,-2.67414912120169,-60.4224401942952,2.70465809005401,75.4057193309777,0.345615922222089,26.515216704227,0.348760880218888,75.4285218638545,"Ireland"
4.75422223008616,-75.751144831556,0.388624048488368,74.8531326553406,8.77890747456421,-23.5813502071757,1.72723692432838,78.3854280542003,22.8737135479722,-53.9410634733957,0.480057150295103,75.292714561605,1.56572469379553,-57.9401369323159,0.437605437396086,74.5971336091854,-1.47275119188799,-58.8305818788079,0.323907822895793,74.8963584187096,0.428027159708613,26.9626516939256,0.432376581123649,74.7508885751967,"Israel"
-4.41622350602331,-83.8777663317595,0.535735496892453,69.7596586426157,1.41047206124383,-48.9503108946625,0.966668201455218,72.1521596892447,13.1482826785603,-79.6998131922624,0.32536456866282,69.5939126631567,2.12156354173483,-80.2137285191946,0.223923803739989,66.8049417041049,-4.78414179715398,-64.8438039046206,0.436833479624488,70.5105742529094,1.87137455873543,29.6306093401589,0.443638333676159,69.9936551673579,"Italy"
9.57769565511257,-35.5458959686551,0.508897399755526,76.8469746390122,7.44889776879439,-11.6808848428165,1.19609055071889,83.5949142127317,42.9211345178504,89.0368922207102,10,108.566997339807,6.86068331235664,-23.0071553157767,0.402206135872166,80.0369395858759,3.14679098406257,-40.2654085026104,0.298259341880642,77.6145052563713,-1.40286191056322,14.9758641102066,0.408316071078529,76.8312256312125,"Kansas_US"
7.6664579062638,-33.4285591879061,0.613083043778019,75.8338600427942,9.6571771800231,-5.75000359472911,10,81.0011771068214,14.2804493243355,35.0674202200465,10,59.5376184388272,5.05717347900984,-31.964834361293,0.324741782755866,78.6512306086885,1.78296851826493,-42.1041415166265,0.337991900784967,78.2638982755423,-0.45484387167453,14.8971548278147,0.404598982379081,76.9736645693451,"Kentucky_US"
10.5297101133261,-37.6811434260307,0.621392746900787,76.6914598151609,10.6096015533127,-9.3059263305233,1.41910054681041,81.2132228359935,23.5287034142577,-19.3586282269878,0.781222792989428,77.4967400333814,13.215646436885,-44.1011816590732,0.369737017069901,77.1257649035894,-1.04687886203229,-41.0476605587317,0.474610450286229,78.4900840174695,-0.323072788110958,15.9669237319557,0.577474363159995,77.3861982995561,"Louisiana_US"
4.38598031854276,-41.7727461039066,0.462274867009381,77.4490761332389,3.81610575553174,-21.0360167180748,1.07349649322031,81.5024489773096,28.9289308218216,2.54214302335236,10,82.3816188318944,0.715810136691684,-54.6840036179708,0.40094235152314,76.4745395061329,1.83702201268793,-50.4958428213046,0.406281699771681,77.1184431734103,-0.366233312119232,21.6061190671454,0.406306624978681,76.9060543086611,"Maryland_US"
5.7645175405218,-49.417998515155,0.474916171291241,76.5201122242336,3.93632383396963,-23.819513570164,1.14620234036002,81.755800027412,20.4292355209648,-0.948101105310526,0.353193676700333,84.4761932855419,1.65051077329146,-69.5830480013413,0.361218386615419,75.4199944802477,-1.20985106425443,-54.0608007550732,0.447077313811623,76.8073043517975,0.341788349897813,22.5615915503574,0.431698357031241,76.2689879103841,"Massachusetts_US"
2.41840400408232,-58.0407387081399,0.198492914308294,82.8981081214716,3.22515497685348,-22.8930907516915,0.184700044751804,85.087268298599,4.61433441610676,-48.6200410756021,0.263356298639185,80.7800037980602,4.61659698771173,-58.1409257559511,0.223235465018378,80.7568845642225,7.79799179243418,-46.2508969104349,0.187855980947006,81.3171283073707,-1.44563993616857,20.0491253158114,0.206952765223281,81.4947879457153,"Mexico"
6.45172479772348,-51.3347528204523,0.507210946008791,76.5875705729448,5.48914750061205,-21.9212679540847,0.95273797985638,82.5302581168705,23.5217784623936,60.167242571449,10,115.031359238085,9.33094919037804,-52.2171725681101,0.345158028924122,77.5806281311295,1.15599512215516,-55.5566568699629,0.378463039378309,78.531525139087,-0.193373204316642,21.5875999371142,0.380260170271262,77.7601446572729,"Michigan_US"
5.2143868002692,-42.5362225098858,0.95463056732769,76.782384334119,6.13989895870529,-15.010073651847,1.25875097980612,80.2880150595221,13.8818865862742,80.5316721740248,2.01748476896094,108.311686386197,3.86064843151302,-55.0473958614741,0.404821010279923,76.4058223508565,1.1164363565806,-45.4196312975435,0.378782321862754,77.6017958719157,-0.269499660265506,18.9109128925576,0.559894140127846,76.3767799744737,"Minnesota_US"
10.4250324963624,-26.9506977760247,0.80670598407256,77.8539640091717,9.45735665263212,-4.87509784914239,10,81.2171662121526,17.7803045944346,-5.70910810001458,0.821161940052436,91.5159316814535,9.96593600749662,-25.8805237567896,0.407818873706067,80.0897405639487,0.00301069042170371,-36.8688027695275,0.259984997589798,78.2079020737186,-0.557756537085652,13.2662488928847,0.505923538239318,77.7797119576387,"Mississippi_US"
10.0921761729125,-35.1514130608702,0.637782417538013,77.2947230825166,9.91580102282729,-7.77456879541902,1.76445479321361,82.2920823870956,25.7494755125529,41.3751623043661,10,108.54390888426,5.99404563678275,-31.4111630635125,0.404083929533368,77.6679313814973,5.2300493203199,-40.5135956309807,0.381213537895372,78.0516864928464,-1.38924275990785,14.7819827787863,0.47631037602741,76.9404545974304,"Missouri_US"
NA,NA,NA,NA,NA,NA,NA,NA,NA,NA,NA,NA,NA,NA,NA,NA,NA,NA,NA,NA,NA,NA,NA,NA,"Morocco"
1.5390937284028,-43.5799313698314,0.519248592012661,74.3364997709249,2.95264143988976,-13.6951711704653,1.95094809256087,80.3291524990431,8.83668719172839,39.615694695184,10,95.1854365020524,-1.62058202667466,-60.1839591037015,0.648463962803455,74.1523929172632,-4.43332698514672,-43.9178855660855,3.30655586705301,75.47904137208,1.1338502184541,16.1181442937027,0.895473768340317,74.7959453972335,"Netherlands"
4.29568816818892,-42.7247838991003,0.822158335427297,77.2539044116627,7.94620512741882,-15.4925780457717,1.79717216468958,79.8201103248408,11.5352982108945,-38.4042081439243,0.485087817052006,74.6696865191505,1.72090646962096,-54.7292894910279,0.47221809724869,76.7386153509233,-0.671562725816258,-52.3967076420838,0.68392046463003,77.0736144886599,0.103662677123912,18.49887662724,0.722134630412409,76.699126776486,"Nevada_US"
5.0387961220251,-58.4311319553989,0.400718147372884,77.9053568862323,4.82873485327128,-20.5500050395051,10,81.1208165323077,34.511842831035,-16.1843867435528,0.344099391173556,83.8090460777084,1.48803704168861,-67.2148248322641,0.338468510931256,76.1875208273391,0.794282077186342,-55.8645907851306,0.419809741619293,77.1756859047271,0.0182610873105699,24.4732713344662,0.427478617324428,76.6988582792675,"New Jersey_US"
4.80990638770146,-60.0268474930923,0.420982832051936,77.3344157604315,5.68312313934274,-22.1860575802833,3.84953590628907,81.3732420796469,13.2703317819816,-26.2757892748043,0.573331712624196,78.4478309677165,-1.48792984408708,-68.2185546029592,0.361632797960651,76.454417802905,-0.361251798617808,-56.4209191993753,0.427479986110689,77.6976533665993,0.497273125131491,23.7406995040292,0.434004812993257,77.2635229846111,"New York_US"
6.04486181055141,-34.9369809156843,0.606383797832197,77.202101772182,5.57143238622908,-9.47505091016614,10,81.1167179536241,23.6373825396653,9.47857441534746,10,81.512889866909,5.08310219881067,-46.5828576109374,0.346211754367422,77.6545375423767,0.603737368008376,-41.8663253373247,0.313895041049544,78.696016603993,-0.187727481028454,15.2125760221649,0.415955580405766,77.8471365118604,"North Carolina_US"
-1.76614676309936,-38.7249722335316,4.0541604742826,72.5066509301984,1.3,-14.0909090909091,NA,NA,11.0352009533578,73.280987384875,10,96.2904880266429,-0.582379059869459,-48.1705975173969,1.19632201365914,72.1655364635399,-4.49315815643107,-45.3672000962356,0.943623755413067,73.4127571210345,0.503348743123855,15.1208495247171,0.953508910589548,72.4666183230234,"Norway"
7.03397654180539,-38.5770342322594,0.660034032077933,75.7088153490038,6.22946699246389,-13.1692090291061,1.06094886244557,81.5261680528608,28.8236808919808,55.1276911592127,10,84.4531871503846,5.23405280443929,-30.0516648087711,0.430762939772916,77.3521632212727,1.35533265885562,-44.6461830417003,0.412172054572712,77.5448075364248,-0.381577603322671,16.9028137586379,0.501821496827772,76.7197188672774,"Ohio_US"
8.360159022534,-28.6158844845227,0.661956057890917,76.8045043187533,8.20002914584279,-4.42500005279639,10,81.0035307191956,15.9086381337836,46.7632138995404,0.751143665885512,113.467346117372,7.30871056345037,-19.8790954673969,0.475134292076454,79.3317571189151,2.09391709161225,-38.0064391233097,0.365724419483059,77.4071591873669,-0.844085312395939,13.7038150748555,0.457725514939898,76.8096677049317,"Oklahoma_US"
2.21386130622539,-55.6760909359789,0.54920060096061,77.2910594716952,6.60938816086247,-24.0671821303164,0.94428943264161,80.6117057594453,16.3149612783099,-21.223586517076,0.247054803377546,82.1543605367158,0.133007245078272,-67.4024619920583,0.44929589293901,76.0407947644343,-0.261482576939372,-57.761179408952,0.618178451619846,76.8018982371035,0.657156761710032,22.4116936664206,0.522172480764943,76.7711193627312,"Ontario_Canada"
7.81411647579547,-40.6515064436149,0.469106188711127,76.1715222769271,6.22161104491728,-13.36722694515,1.71940597147786,81.0669039350541,38.6504303463035,12.2061864760119,10,82.4699502309288,4.62446192910628,-42.7190670028448,0.339888078566139,76.4999165484027,1.03688630407187,-44.4862620502817,0.437347477738264,76.7578512943076,-0.620958540178753,15.4256962471082,0.386261611245492,76.2448895131504,"Oregon_US"
1.64184774475232,-62.4848711370923,0.784894977807421,80.2257781029763,3.75805242325949,-46.0196270757501,1.06325227411261,81.3693227895206,6.87827640545861,-34.4510829491941,1.01311394499453,80.7360241807477,3.41088227359328,-54.1934846941881,0.825031063390152,81.0824557023492,2.26263106483213,-49.1818956831505,0.773089730551446,80.3107942076489,0.239323247977613,19.4704118324247,0.857714273938663,80.8464869734265,"Pakistan"
6.70594704095176,-45.9709273986193,0.699691503554148,76.5722779200766,4.84704500051549,-20.6157748002876,1.28266113769417,80.5235716195789,30.6032153850417,3.28517879415991,0.841831592930783,77.5420379733922,2.71231365812628,-52.8254005257442,0.476432267579968,76.1950045484139,1.14601767423746,-48.3502282347911,0.502691027664677,76.8279785502273,-0.168511397948948,19.2908085861371,0.559750367333248,76.5957136117976,"Pennsylvania_US"
-0.00339124063569622,-83.1415855159151,1.50350634645396,75.7239147160277,1.7573425487769,-62.5530253579846,4.84647764197429,76.7680834893486,-0.918217058732509,-75.0398256997705,1.10804315379878,75.7614421021086,0.166778825276064,-84.1454545014933,1.55239035938643,75.9944432315061,0.874035154229099,-72.9951748151258,3.47740408726877,75.8814836210682,0.417992601472955,37.8696373655677,2.07260388428725,75.9685069742155,"Peru"
-0.22348450385607,-79.4381068620528,0.57683506533675,75.7128070906024,1.96801485709207,-57.8938566733391,0.721558836714647,77.8567080858706,-1.38064705729982,-52.9134348510525,0.397455952835616,76.051818163939,-5.27235924632619,-83.7081832629874,0.608793206766145,75.7135147586342,2.95485835042447,-68.232346119837,1.00733570202208,75.978206312151,0.998903600762524,33.629596397738,0.579865833155965,76.080084182262,"Philippines"
4.35911203090868,-57.1855284428338,1.69198020689102,72.7502052269314,2.25006563221152,-28.3829757708198,10,73.9474542000231,8.94488500034245,-29.8161580231533,0.351606452275997,74.4191608563339,3.48861688352672,-59.9937104788434,0.849226603918823,72.9174258158458,4.9747184248435,-40.2511076219544,0.737636609925635,73.7821629134207,-0.226011562314425,16.9773605812969,0.727072099964047,73.3596194059248,"Poland"
2.76283453813441,-72.2821505899446,0.675872708163634,73.7156554808598,7.5484124919717,-40.4780273011221,0.806249985128939,75.8026850030147,19.5927878981328,-62.9462154792562,0.898726076499049,73.7522477996964,4.45646344263183,-74.7919405751894,0.529595876621998,74.4240834376375,-2.68656768814876,-60.0014395507622,0.871609473309833,75.4941245527208,0.2879690901603,29.9842463139798,0.670039654001782,74.7226099520777,"Portugal"
3.35781319135134,-59.6497500721011,0.444451602422475,76.6610348228624,2.82370287924202,-32.1340785782791,0.515818305031712,82.3212297164193,12.2517071533843,-20.9005038807403,0.353915991996599,71.8460552614269,0.349687550855124,-70.7282139259684,0.391974160811305,75.7251877057632,-1.03054024130657,-59.9059197593129,0.359095289954655,77.7010389915591,0.783083099504456,23.8004726993348,0.364815291239671,76.9907683818926,"Quebec_Canada"
7.51779139322878,-42.9116070525395,0.549796783731599,76.1424859030543,2.93676933686182,-18.8210994626989,3.91788197012055,81.5063468746487,47.4539813808106,10.1065695172113,10,88.4923522162973,2.86466754404331,-62.600991997142,0.310773111479355,76.0146178014117,0.283510911710688,-46.6979968649371,0.383775864890837,77.5348849868668,-0.100219641150668,19.2510748673786,0.464621704025501,76.5098992214148,"Rhode Island_US"
4.34932410505221,-66.73885889604,0.361907441214874,75.7884362982385,5.97634745558208,-38.9299341220125,0.50291552524079,78.5616327822417,3.50918030521081,-47.1618686040387,0.366472449532247,77.3387103181098,6.66703080882464,-64.8192187558928,0.307909354220596,75.4671344299891,6.95614495973104,-49.2385876192271,0.269439479320775,76.2872594032809,-1.39463502988439,18.3228476714725,0.316521008673748,76.6162027786101,"Romania"
NA,NA,NA,NA,NA,NA,NA,NA,NA,NA,NA,NA,NA,NA,NA,NA,NA,NA,NA,NA,NA,NA,NA,NA,"Russia"
6.94747117447138,-66.5429539922383,0.455440043624858,76.5960834407894,6.60893400772354,-38.7955926895277,0.743938149386036,80.3525833340224,12.6888131033962,-46.3082247941976,0.464044057644644,77.2545610329326,6.67838811889306,-68.5799781631113,0.460044216803359,76.8862547132632,0.816616268002073,-61.6692338537837,0.430105674666195,78.1611806752995,-1.23947446160369,20.2288251931689,0.527832117616387,77.1462282784809,"Serbia"
7.11628414361291,-32.7462677805275,0.862384923285971,77.5279633243526,6.65718331206068,-7.12504568501796,10,81.1430974138261,17.0814709068591,-19.7352306242691,0.380352326160518,84.5863322256316,9.15415993831633,-30.7667836612673,0.472307204248885,79.7495799895776,1.32820369492954,-39.3146158760847,0.324512836496583,79.2306507930978,-0.282968587771754,13.8980196467194,0.48712781530533,78.0259065344609,"South Carolina_US"
-3.48477476210564,-73.0738473238722,10,86.5479747974325,1.67721815879224,-46.0919269653912,10,86.566327215453,-9.3868277192087,-46.8653997813658,10,86.5165966958928,1.85080251742835,-79.72260357263,0.302064788932506,83.5873885802287,3.7519526669155,-66.6515321767549,0.4273027196665,84.1843552450879,0.17104705122634,33.4532314100211,0.424105228565528,85.0841076400633,"South_Africa"
0.339026621095933,-89.0911162232446,1.50033085840124,73.2526490881413,5.52348580102025,-52.4130002807397,5.03994935273302,74.2471760750908,15.2171260453405,-79.1492923856572,1.29440416432051,73.4161396075645,4.23989442519169,-82.5013235386969,0.81493526720859,73.3080092338831,0.377549807726506,-68.1615327044266,0.849115285115166,74.3051196378017,-0.939972298800434,28.944329058524,0.757739235459302,74.2364592195694,"Spain"
1.7823198548027,-20.7325203351782,0.896072631607629,71.7347652419118,1.71392546032869,-4.6457256302869,1.54078463667207,77.746311402317,7.49235702347141,71.6376776128358,0.168488728171603,89.551953163153,-2.61514405014224,-35.9495415188756,0.564302677431024,73.7040539666224,-2.92393656974285,-28.4915342016541,0.658137912253429,75.943087244225,0.911193462285109,9.64927711203466,0.644791760187082,74.0354399955971,"Sweden"
-1.10393599433042,-74.0159862515409,0.593464976823576,75.9643051199309,4.10260994932612,-15.2607370532914,1.72206703790893,78.4909871477539,4.32648462608156,27.5384199259325,10,95.0160394723304,-0.3793431272031,-52.3854008213298,0.568439214446327,74.8290911756589,-2.34987861097601,-45.9928264188659,0.964386102949203,76.2370348397232,1.37561072146953,19.8800183522195,0.801278651778891,75.594526837448,"Switzerland"
7.33168113518743,-32.786415400834,0.561412533002274,77.1258166642165,7.95488217568495,-6.77596938520832,2.1458973409243,82.155432530545,24.409110801065,-3.32252508936013,10,89.9921248809103,5.67863223703604,-32.4304019249417,0.367608980903347,78.2405293011345,1.25846874617274,-40.046611291542,0.330930402781841,78.4388114960155,-0.589406908371736,14.1792160315485,0.425454644649807,77.0953876364132,"Tennessee_US"
6.49558344691512,-37.7260561196782,0.561839346678357,77.3663051916086,7.49913611065752,-15.416231396019,0.780829772419926,82.588016773787,10.8884583711461,-23.0956315838461,10,79.3280352783467,4.25422056285806,-42.9052005913225,0.380416771014555,77.9387932534505,1.63935743327903,-44.0938649628308,0.272709592845074,76.8142573780727,-0.754441988833593,18.2320296104129,0.403449377159305,76.9768387862037,"Texas_US"
4.05806012868397,-66.1307607091636,0.449553196299828,77.8974347624627,7.4763949807012,-27.7992893112907,0.57485171186891,81.2679712886857,13.3973140301376,-48.276999496176,0.439437623625307,77.9940659684958,3.31333006415085,-66.5950505774668,0.367179093928721,78.7449443761181,9.97526335553222,-54.0029201407785,0.285307548447564,79.3585577843827,-1.55529357800152,22.7289002472402,0.333557310587208,79.0360305190297,"Turkey"
NA,NA,NA,NA,NA,NA,NA,NA,NA,NA,NA,NA,NA,NA,NA,NA,NA,NA,NA,NA,NA,NA,NA,NA,"Ukraine"
0.832247645879863,-76.1153488513969,0.490217778480788,80.325863564972,4.31937404811283,-32.4193894160002,1.08820865353382,83.1134964123928,4.16538844746222,-20.9893782050817,1.77593309438284,83.9894416051445,-1.73035957357473,-70.4221716029251,0.370797985246132,78.9404383039884,-2.81682106286941,-65.2758317550217,0.454254932934337,80.9946894879789,0.864654012968695,24.6903432555265,0.421219467843862,80.4398524318701,"United_Kingdom"
5.29764722810774,-38.2581696472846,0.484779660034856,77.2666151952424,6.03363730056236,-14.0262053710128,1.32162598501365,81.0432294773732,23.0691135681763,7.19385052856832,10,90.1867812845458,3.87167727405253,-50.5925700812273,0.356471139491191,76.8606320465234,0.818126520905714,-45.1512683193869,0.378260436708969,77.1405214740896,-0.224326077114113,18.1051520481973,0.426179841234285,76.8152116787285,"Virginia_US"
6.24374618025987,-41.6569698516897,0.399993201816593,75.5398221479919,5.17963002403171,-15.2853690599112,2.35049738518279,80.7168189308683,38.3611373892634,10.9230924868551,10,82.0824222397388,5.2627411567169,-54.4407700002279,0.223796629949476,73.5553922980939,-1.79148094671813,-51.1179528349,0.310694011938016,76.6385462080287,-0.101103220523547,18.6764343233259,0.295917610367186,75.823520757891,"Washington_US"
6.05115443139377,-44.6588845194,0.802120576374703,76.6590220796659,6.84517519954079,-16.5700083767657,1.1479874052396,80.7045347977589,22.1633999346014,54.5994339823597,10,91.400404787152,4.17176634923373,-34.9275393346428,0.581765756938935,76.8686640674571,2.83583055476515,-40.8360039864532,0.464353401780085,77.5924524009201,-0.478552819010899,17.5111562734,0.637774434522266,76.6760393317048,"Wisconsin_US"
